lr-Adam,step,tr_loss,tr_loss_hmm,tr_loss_Y,tr_reg_l1,tr_reg_emission,epoch,val_loss,val_loss_hmm,val_loss_Y
0.01,0,,,,,,,,,
,2,40.674137115478516,5.206114768981934,35.47292709350586,0.00219642068259418,-0.007103306706994772,0,,,
,5,40.673194885253906,5.452201843261719,35.22583770751953,0.002305073430761695,-0.0071505093947052956,0,,,
,8,39.587154388427734,5.127926826477051,34.46403884887695,0.002395951421931386,-0.0072045475244522095,0,,,
,11,39.41300964355469,5.011701583862305,34.406089782714844,0.0024719967041164637,-0.007255476899445057,0,,,
,14,37.71565628051758,5.084974765777588,32.63545227050781,0.00253285956569016,-0.007303399499505758,0,,,
,17,40.48614501953125,5.577075004577637,34.913814544677734,0.0026080261450260878,-0.0073564136400818825,0,,,
,20,39.23505783081055,4.9510111808776855,34.2888298034668,0.0026280635502189398,-0.007410459220409393,0,,,
,23,39.43553924560547,5.653055191040039,33.78729248046875,0.002658097306266427,-0.007464803289622068,0,,,
,26,40.464263916015625,5.074543476104736,35.39453125,0.0027023637667298317,-0.0075127058662474155,0,,,
,28,,,,,,0,38.362464904785156,5.126439571380615,33.240867614746094
0.01,29,,,,,,,,,
,29,38.25030517578125,5.149369239807129,33.105777740478516,0.002718496136367321,-0.007559678982943296,1,,,
,32,39.86745071411133,5.050090789794922,34.822227478027344,0.0027388299349695444,-0.007605678867548704,1,,,
,35,40.35506820678711,5.081853866577148,35.278099060058594,0.0027675593737512827,-0.007653336971998215,1,,,
,38,39.59465026855469,5.211431503295898,34.38810729980469,0.002810591598972678,-0.007702577859163284,1,,,
,41,40.0214958190918,4.869488716125488,35.156917572021484,0.002843498019501567,-0.007752363570034504,1,,,
,44,40.111148834228516,5.162862777709961,34.953224182128906,0.002865600399672985,-0.007803305517882109,1,,,
,47,41.12297821044922,5.311151504516602,35.81678771972656,0.002900631632655859,-0.007857010699808598,1,,,
,50,38.58735275268555,5.075918197631836,33.51643753051758,0.0029115842189639807,-0.007911351509392262,1,,,
,53,35.593624114990234,5.1322340965271,30.4664249420166,0.0029293864499777555,-0.007965539582073689,1,,,
,56,37.84870910644531,5.2933454513549805,32.56040954589844,0.002976820571348071,-0.008021931163966656,1,,,
,57,,,,,,1,38.107398986816406,4.9029059410095215,33.20954895019531
0.01,58,,,,,,,,,
,59,37.69202423095703,5.257404327392578,32.439674377441406,0.0030224393121898174,-0.00807549711316824,2,,,
,62,37.970436096191406,4.778677940368652,33.19681930541992,0.0030651141423732042,-0.00812731496989727,2,,,
,65,37.60776901245117,5.118180274963379,32.494659423828125,0.00311256037093699,-0.008183191530406475,2,,,
,68,36.895347595214844,5.125831604003906,31.77461051940918,0.0031377028208225965,-0.008236891590058804,2,,,
,71,40.094913482666016,5.045040130615234,35.055015563964844,0.003143090521916747,-0.008286758325994015,2,,,
,74,38.010643005371094,4.389540195465088,33.62626647949219,0.0031748355831950903,-0.008339773863554,2,,,
,77,40.483402252197266,5.04488468170166,35.443695068359375,0.0032210422214120626,-0.008397053927183151,2,,,
,80,41.27168655395508,4.572166919708252,36.7047119140625,0.0032654255628585815,-0.008455551229417324,2,,,
,83,37.73255920410156,4.875176906585693,32.862606048583984,0.0032901191152632236,-0.008510636165738106,2,,,
,86,35.27317810058594,4.515592098236084,30.76282501220703,0.0033257503528147936,-0.008562623523175716,2,,,
,86,,,,,,2,37.808624267578125,4.719473838806152,33.09438705444336
0.01,87,,,,,,,,,
,89,39.63212203979492,4.595884323120117,35.0414924621582,0.0033591471146792173,-0.008612561039626598,3,,,
,92,36.157257080078125,4.9593892097473145,31.203147888183594,0.003386338008567691,-0.008665699511766434,3,,,
,95,39.760414123535156,5.150244235992432,34.61545181274414,0.0034376562107354403,-0.008720362558960915,3,,,
,98,36.83229446411133,4.868701934814453,31.968910217285156,0.0034536507446318865,-0.008768350817263126,3,,,
,101,36.59354782104492,4.689703941345215,31.909189224243164,0.0034754860680550337,-0.008818871341645718,3,,,
,104,37.691349029541016,4.663728713989258,33.032989501953125,0.003503665328025818,-0.008870687335729599,3,,,
,107,37.439117431640625,5.103593826293945,32.34090805053711,0.0035350860562175512,-0.008922956883907318,3,,,
,110,39.37297058105469,5.4568939208984375,33.92149353027344,0.003549634013324976,-0.008970084600150585,3,,,
,113,38.21354675292969,4.431450843811035,33.78753662109375,0.0035739324521273375,-0.009015037678182125,3,,,
,115,,,,,,3,37.587100982666016,4.559488773345947,33.0330696105957
0.01,116,,,,,,,,,
,116,37.78683090209961,4.699851989746094,33.09243392944336,0.0036104784812778234,-0.009063293226063251,4,,,
,119,35.6319465637207,5.002867698669434,30.634536743164062,0.003653645282611251,-0.009112837724387646,4,,,
,122,38.321224212646484,3.9925475120544434,34.33415222167969,0.003684836672618985,-0.009157191030681133,4,,,
,125,38.59537887573242,4.266836166381836,34.33405303955078,0.0036876779049634933,-0.009200519882142544,4,,,
,128,36.854793548583984,4.400759696960449,32.45957565307617,0.0037048289086669683,-0.009245234541594982,4,,,
,131,42.67818832397461,4.790003776550293,37.89373779296875,0.003738634055480361,-0.009291543625295162,4,,,
,134,38.49897766113281,4.691102027893066,33.81348419189453,0.003728603944182396,-0.009333504363894463,4,,,
,137,39.83938980102539,4.285377025604248,35.559654235839844,0.0037330288905650377,-0.009376302361488342,4,,,
,140,36.8631591796875,3.9771344661712646,32.89168930053711,0.003761185333132744,-0.009427209384739399,4,,,
,143,35.69865417480469,4.29492712020874,31.409391403198242,0.003820370649918914,-0.009481932036578655,4,,,
,144,,,,,,4,37.41551971435547,4.40776252746582,33.01341247558594
0.01,145,,,,,,,,,
,146,32.86053466796875,4.371534824371338,28.494644165039062,0.0038942955434322357,-0.009540200233459473,5,,,
,149,38.55366897583008,3.9440693855285645,34.615238189697266,0.003953306004405022,-0.009591550566256046,5,,,
,152,36.202423095703125,4.596371650695801,31.61168670654297,0.004014190286397934,-0.009649009443819523,5,,,
,155,39.139976501464844,4.163198471069336,34.982391357421875,0.004094175528734922,-0.009708447381854057,5,,,
,158,34.470611572265625,3.962275266647339,30.513959884643555,0.004138744901865721,-0.00976116769015789,5,,,
,161,37.25254821777344,4.165060043334961,33.093135833740234,0.004168159794062376,-0.009813341312110424,5,,,
,164,36.103816986083984,5.070148468017578,31.0393123626709,0.004230870865285397,-0.009872130118310452,5,,,
,167,37.845184326171875,4.527460098266602,33.3233757019043,0.004267649259418249,-0.009920639917254448,5,,,
,170,40.168636322021484,4.511112213134766,35.66320037841797,0.004296055994927883,-0.009969906881451607,5,,,
,173,38.0394401550293,4.583404541015625,33.461734771728516,0.0043130903504788876,-0.010015017352998257,5,,,
,173,,,,,,5,37.104793548583984,4.282841205596924,32.827659606933594
0.01,174,,,,,,,,,
,176,37.484893798828125,4.66603946685791,32.824581146240234,0.004336679819971323,-0.010061505250632763,6,,,
,179,36.772098541259766,4.04015588760376,32.73767852783203,0.004372561816126108,-0.010109239257872105,6,,,
,182,39.031341552734375,4.259654998779297,34.77744674682617,0.004396266769617796,-0.010154050774872303,6,,,
,185,38.02847671508789,4.469522476196289,33.564735412597656,0.00442793034017086,-0.010206441394984722,6,,,
,188,37.034061431884766,4.110307693481445,32.929561614990234,0.0044449507258832455,-0.010254952125251293,6,,,
,191,35.41103744506836,4.371058940887451,31.045812606811523,0.004465940408408642,-0.010301250964403152,6,,,
,194,37.02429962158203,3.778657913208008,33.25149917602539,0.004487901926040649,-0.010345480404794216,6,,,
,197,38.611328125,4.656733512878418,33.96045684814453,0.004529816098511219,-0.010389668866991997,6,,,
,200,32.77777862548828,4.359299659729004,28.424331665039062,0.004583924543112516,-0.010437428951263428,6,,,
,202,,,,,,6,36.90748596191406,4.1498799324035645,32.763450622558594
0.01,203,,,,,,,,,
,203,40.18897247314453,4.075221061706543,36.119590759277344,0.004649538546800613,-0.010491007007658482,7,,,
,206,36.02827453613281,3.6187925338745117,32.41532897949219,0.004701379220932722,-0.010547657497227192,7,,,
,209,43.28449249267578,4.422430038452148,38.867916107177734,0.004754439927637577,-0.010606106370687485,7,,,
,212,35.495643615722656,4.221332550048828,31.280189514160156,0.004772217944264412,-0.010649546049535275,7,,,
,215,35.35334777832031,3.9931535720825195,31.366085052490234,0.00480660842731595,-0.010696320794522762,7,,,
,218,37.778419494628906,3.8687691688537598,33.91554641723633,0.004844747018069029,-0.010741601698100567,7,,,
,221,37.97507858276367,3.679722309112549,34.30125045776367,0.004896341357380152,-0.010791832581162453,7,,,
,224,39.05266571044922,4.301084518432617,34.7574577331543,0.00496901897713542,-0.01084346603602171,7,,,
,227,36.89601135253906,4.126242637634277,32.775634765625,0.00502413883805275,-0.010889600962400436,7,,,
,230,39.64934158325195,4.021609306335449,35.63359451293945,0.005070565268397331,-0.010931524448096752,7,,,
,231,,,,,,7,36.62931442260742,4.052679538726807,32.58249282836914
0.01,232,,,,,,,,,
,233,33.63429641723633,3.695049285888672,29.945098876953125,0.00513298949226737,-0.01098688319325447,8,,,
,236,36.9793701171875,4.265890121459961,32.71933364868164,0.005185180809348822,-0.011037292890250683,8,,,
,239,34.82362365722656,3.740509033203125,31.088947296142578,0.005264272913336754,-0.011095437221229076,8,,,
,242,42.725650787353516,4.15701961517334,38.5744514465332,0.0053277513943612576,-0.011148793622851372,8,,,
,245,33.951576232910156,3.667942523956299,30.289459228515625,0.0053705377504229546,-0.01119560282677412,8,,,
,248,35.51640319824219,3.842974901199341,31.679275512695312,0.005383111070841551,-0.011232013814151287,8,,,
,251,33.65083312988281,3.9022140502929688,29.754478454589844,0.005422051530331373,-0.011279177851974964,8,,,
,254,36.75526428222656,3.6794369220733643,33.08168411254883,0.005474921781569719,-0.011328092776238918,8,,,
,257,39.12427520751953,4.303043365478516,34.82707595825195,0.005526601802557707,-0.011370930820703506,8,,,
,260,35.49373245239258,4.415992259979248,31.083580017089844,0.005578635260462761,-0.011416648514568806,8,,,
,260,,,,,,8,36.43178176879883,3.954200506210327,32.4834098815918
0.01,261,,,,,,,,,
,263,40.559200286865234,3.9538068771362305,36.6112174987793,0.005641705822199583,-0.011466744355857372,9,,,
,266,38.469398498535156,4.279102325439453,34.19612503051758,0.005689529236406088,-0.01151653379201889,9,,,
,269,40.87763595581055,3.5698790550231934,37.31357955932617,0.005731465294957161,-0.011551696807146072,9,,,
,272,35.36967468261719,3.652696132659912,31.7227840423584,0.005785488057881594,-0.011593005619943142,9,,,
,275,36.94119644165039,3.77610445022583,33.17088317871094,0.0058522215113043785,-0.011641557328402996,9,,,
,278,36.48072814941406,4.229242324829102,32.25725173950195,0.00592281948775053,-0.011693635024130344,9,,,
,281,33.20991134643555,4.155570030212402,29.060094833374023,0.005983435083180666,-0.011737116612493992,9,,,
,284,38.19526672363281,4.199462890625,34.001548767089844,0.006028602831065655,-0.011770891025662422,9,,,
,287,40.588226318359375,4.450593948364258,36.14337921142578,0.006057595368474722,-0.011802101507782936,9,,,
,289,,,,,,9,36.24330520629883,3.8671436309814453,32.381874084472656
0.01,290,,,,,,,,,
,290,38.23891830444336,4.064529895782471,34.18010330200195,0.00612620310857892,-0.011842472478747368,10,,,
,293,38.745567321777344,3.789830207824707,34.9614372253418,0.006185777019709349,-0.011886614374816418,10,,,
,296,30.903575897216797,3.5897111892700195,27.319557189941406,0.006240738555788994,-0.01193232275545597,10,,,
,299,35.055419921875,3.946681022644043,31.11438751220703,0.006318824831396341,-0.011968064121901989,10,,,
,302,39.00602722167969,4.136772155761719,34.874855041503906,0.006405870895832777,-0.012004395015537739,10,,,
,305,35.19706726074219,4.296401023864746,30.90622329711914,0.00648682564496994,-0.012041154317557812,10,,,
,308,44.6338005065918,3.8180904388427734,40.821224212646484,0.006571493577212095,-0.012086550705134869,10,,,
,311,35.217689514160156,4.243650913238525,30.979537963867188,0.006618645042181015,-0.012120842933654785,10,,,
,314,35.254852294921875,3.6817259788513184,31.578609466552734,0.006673216354101896,-0.012155352160334587,10,,,
,317,39.16179275512695,3.218475103378296,35.948787689208984,0.006713897921144962,-0.012184925377368927,10,,,
,318,,,,,,10,35.991981506347656,3.8126893043518066,32.18476486206055
0.01,319,,,,,,,,,
,320,35.0303955078125,4.413737773895264,30.622127532958984,0.006736899260431528,-0.012205405160784721,11,,,
,323,33.242881774902344,3.510988235473633,29.737335205078125,0.006780687253922224,-0.012223492376506329,11,,,
,326,38.246891021728516,3.9778339862823486,34.27448272705078,0.006818943656980991,-0.01224683877080679,11,,,
,329,36.285160064697266,3.4950993061065674,32.795494079589844,0.006842388305813074,-0.012275460176169872,11,,,
,332,35.48712921142578,3.2889342308044434,32.203651428222656,0.006841748487204313,-0.012299804948270321,11,,,
,335,31.79249382019043,3.5107200145721436,28.2872257232666,0.006875046994537115,-0.012327034026384354,11,,,
,338,34.22035598754883,4.458989143371582,29.766801834106445,0.006921413820236921,-0.012356466613709927,11,,,
,341,38.13723373413086,4.139726638793945,34.00291061401367,0.006991851609200239,-0.012397817336022854,11,,,
,344,39.06001281738281,3.6014821529388428,35.46391296386719,0.007061635609716177,-0.012442504987120628,11,,,
,347,29.880455017089844,3.630779981613159,26.255035400390625,0.007131523918360472,-0.012491024099290371,11,,,
,347,,,,,,11,35.847618103027344,3.743248701095581,32.10972213745117
0.01,348,,,,,,,,,
,350,33.00508117675781,3.86327862739563,29.14714241027832,0.007192719727754593,-0.012535059824585915,12,,,
,353,36.85386657714844,3.8218750953674316,33.037288665771484,0.007285622414201498,-0.012585088610649109,12,,,
,356,43.7590217590332,3.73154878616333,40.03273391723633,0.007366233505308628,-0.012627105228602886,12,,,
,359,39.298980712890625,3.7273545265197754,35.57686233520508,0.007422612048685551,-0.012662592343986034,12,,,
,362,40.69327163696289,3.6919846534729004,37.006507873535156,0.007468041032552719,-0.012690715491771698,12,,,
,365,37.83869552612305,3.912313938140869,33.93159866333008,0.007530815899372101,-0.012749246321618557,12,,,
,368,34.599891662597656,3.9183623790740967,30.686748504638672,0.007586451712995768,-0.01280523743480444,12,,,
,371,33.69263458251953,3.3069305419921875,30.390918731689453,0.0076422058045864105,-0.012854826636612415,12,,,
,374,39.93305587768555,3.061577320098877,36.87666320800781,0.007708956953138113,-0.012894620187580585,12,,,
,376,,,,,,12,35.74209213256836,3.7040340900421143,32.0432243347168
0.01,377,,,,,,,,,
,377,31.43087387084961,3.9723763465881348,27.46366310119629,0.007764567621052265,-0.012929253280162811,13,,,
,380,27.956146240234375,3.9230353832244873,24.038240432739258,0.0078117880038917065,-0.012940468266606331,13,,,
,383,34.12483596801758,4.099190711975098,30.030715942382812,0.00788482278585434,-0.012953773140907288,13,,,
,386,35.87983322143555,3.765702247619629,32.11914825439453,0.007955758832395077,-0.01297385711222887,13,,,
,389,37.116275787353516,3.4355082511901855,33.68575668334961,0.007997801527380943,-0.012989210896193981,13,,,
,392,33.05418395996094,4.035732269287109,29.023387908935547,0.008077925071120262,-0.01301712729036808,13,,,
,395,35.852195739746094,3.3532826900482178,32.5037956237793,0.008170073851943016,-0.013052606955170631,13,,,
,398,39.67317199707031,3.9465460777282715,35.731468200683594,0.008243883028626442,-0.013084019534289837,13,,,
,401,33.40736770629883,3.4276251792907715,29.984548568725586,0.008303881622850895,-0.013110237196087837,13,,,
,404,34.461761474609375,3.8028573989868164,30.663671493530273,0.008369210176169872,-0.013139641843736172,13,,,
,405,,,,,,13,35.53665542602539,3.6740894317626953,31.867313385009766
0.01,406,,,,,,,,,
,407,29.32977867126465,4.029445648193359,25.30507469177246,0.00843076966702938,-0.013172385282814503,14,,,
,410,34.463993072509766,3.8681931495666504,30.600515365600586,0.008486836217343807,-0.013203035108745098,14,,,
,413,41.494873046875,3.893080234527588,37.60649108886719,0.008527182042598724,-0.01322645228356123,14,,,
,416,37.21498107910156,4.107581615447998,33.11206817626953,0.00857875682413578,-0.013247698545455933,14,,,
,419,36.65888977050781,3.79415225982666,32.869361877441406,0.008642997592687607,-0.013266975060105324,14,,,
,422,36.29591751098633,4.23806095123291,32.062442779541016,0.008708415552973747,-0.013295364566147327,14,,,
,425,36.8414421081543,3.6354241371154785,33.21058654785156,0.008752488531172276,-0.013321180827915668,14,,,
,428,38.650917053222656,3.584118366241455,35.07134246826172,0.008809469640254974,-0.013349761255085468,14,,,
,431,33.8121223449707,3.9348161220550537,29.881811141967773,0.008870481513440609,-0.013375349342823029,14,,,
,434,40.28768539428711,3.514672040939331,36.7774543762207,0.008958945982158184,-0.013402684591710567,14,,,
,434,,,,,,14,35.39297103881836,3.6616315841674805,31.735767364501953
0.01,435,,,,,,,,,
,437,33.64115524291992,3.6579947471618652,29.987567901611328,0.009015175513923168,-0.013420479372143745,15,,,
,440,30.027780532836914,3.790074348449707,26.242061614990234,0.009077089838683605,-0.013431565836071968,15,,,
,443,30.07472801208496,3.212158679962158,26.866880416870117,0.009133289568126202,-0.013443849049508572,15,,,
,446,30.554601669311523,3.887331485748291,26.671541213989258,0.009199738502502441,-0.013470186851918697,15,,,
,449,37.56464767456055,3.9218244552612305,33.64701843261719,0.009289518930017948,-0.013485831208527088,15,,,
,452,29.942672729492188,3.275869846343994,26.670948028564453,0.009348382242023945,-0.013492285273969173,15,,,
,455,34.37810134887695,3.4604644775390625,30.921722412109375,0.009425866417586803,-0.013510874472558498,15,,,
,458,34.87990951538086,2.9819607734680176,31.90199089050293,0.009491265751421452,-0.013534054160118103,15,,,
,461,31.33694839477539,3.542318820953369,27.798656463623047,0.00952683575451374,-0.013553723692893982,15,,,
,463,,,,,,15,35.215492248535156,3.632936477661133,31.586551666259766
0.01,464,,,,,,,,,
,464,31.259029388427734,3.406219959259033,27.8568058013916,0.009570397436618805,-0.013566567562520504,16,,,
,467,35.59031295776367,4.225028038024902,31.36923599243164,0.009624854661524296,-0.013576238416135311,16,,,
,470,29.914072036743164,3.168058156967163,26.749929428100586,0.009677066467702389,-0.013593885116279125,16,,,
,473,27.962553024291992,3.4305360317230225,24.5358943939209,0.009728535078465939,-0.013607199303805828,16,,,
,476,33.27880859375,4.3981218338012695,28.884511947631836,0.009801734238862991,-0.01362507976591587,16,,,
,479,39.03831481933594,3.194260597229004,35.84783172607422,0.009868252091109753,-0.013645029626786709,16,,,
,482,31.774240493774414,3.470590591430664,28.307401657104492,0.009915351867675781,-0.013667033985257149,16,,,
,485,36.53485107421875,3.352365493774414,33.18621063232422,0.009964345023036003,-0.01368672400712967,16,,,
,488,33.474884033203125,3.7719922065734863,29.706579208374023,0.010011001490056515,-0.013697360642254353,16,,,
,491,30.90935516357422,3.707740306854248,27.20525360107422,0.010070285759866238,-0.01370975561439991,16,,,
,492,,,,,,16,35.02623748779297,3.601210832595825,31.42864227294922
0.01,493,,,,,,,,,
,494,30.31931495666504,3.526796340942383,26.796117782592773,0.010127234272658825,-0.013726845383644104,17,,,
,497,28.84540367126465,3.385688066482544,25.463258743286133,0.010194501839578152,-0.013738310895860195,17,,,
,500,29.02730369567871,3.473283290863037,25.5575008392334,0.010258845053613186,-0.01374117936939001,17,,,
,503,27.292236328125,3.2494192123413086,24.046239852905273,0.010315614752471447,-0.013736885972321033,17,,,
,506,30.092655181884766,3.0642080307006836,27.031808853149414,0.010382669977843761,-0.013744226656854153,17,,,
,509,36.6053466796875,3.2892227172851562,33.319427490234375,0.010461078025400639,-0.013763345777988434,17,,,
,512,36.71766662597656,3.4949162006378174,33.226016998291016,0.010522078722715378,-0.013786964118480682,17,,,
,515,31.539752960205078,3.863621950149536,27.679401397705078,0.010552137158811092,-0.013821804895997047,17,,,
,518,34.834049224853516,3.6520724296569824,31.185245513916016,0.010582786053419113,-0.013849660754203796,17,,,
,521,35.742645263671875,3.5875611305236816,32.1583251953125,0.010626534931361675,-0.01387113519012928,17,,,
,521,,,,,,17,34.78752517700195,3.5896620750427246,31.20110511779785
0.01,522,,,,,,,,,
,524,33.1257438659668,3.9133477210998535,29.21561622619629,0.010673312470316887,-0.013891919516026974,18,,,
,527,41.70711898803711,3.6904776096343994,38.01982498168945,0.010722707025706768,-0.01390707679092884,18,,,
,530,35.95397186279297,3.563657522201538,32.39347457885742,0.010756725445389748,-0.013916936703026295,18,,,
,533,38.267398834228516,3.587221145629883,34.68329620361328,0.010806568898260593,-0.013923822902143002,18,,,
,536,23.914491653442383,3.262476921081543,20.65510368347168,0.010850981809198856,-0.01393810659646988,18,,,
,539,33.3646240234375,3.6001548767089844,29.76749038696289,0.0109330452978611,-0.013953834772109985,18,,,
,542,29.886646270751953,3.0184125900268555,26.87118911743164,0.011012337170541286,-0.013969031162559986,18,,,
,545,39.81520080566406,3.676954746246338,36.14114761352539,0.011080547235906124,-0.01398356445133686,18,,,
,548,25.807641983032227,3.467801094055176,22.34273910522461,0.011105423793196678,-0.014002225361764431,18,,,
,550,,,,,,18,34.623008728027344,3.5598039627075195,31.066078186035156
0.01,551,,,,,,,,,
,551,32.56834411621094,3.624401092529297,28.94681739807129,0.011147145181894302,-0.014021403156220913,19,,,
,554,34.69367599487305,3.400921583175659,31.295602798461914,0.011188901960849762,-0.014037455432116985,19,,,
,557,30.387168884277344,3.368478298187256,27.021514892578125,0.011239017359912395,-0.014063660986721516,19,,,
,560,34.28278732299805,3.3682122230529785,30.917369842529297,0.01128613855689764,-0.01408474426716566,19,,,
,563,39.50844192504883,3.0480284690856934,36.463191986083984,0.01132973562926054,-0.014105300419032574,19,,,
,566,40.195518493652344,3.55965518951416,36.63862228393555,0.011367660947144032,-0.014127247035503387,19,,,
,569,44.01150131225586,3.9972243309020996,40.01701354980469,0.011407404206693172,-0.014142674393951893,19,,,
,572,23.760305404663086,3.6948580741882324,20.06816291809082,0.011437918990850449,-0.014154262840747833,19,,,
,575,29.91048240661621,3.7371628284454346,26.17597198486328,0.011505495756864548,-0.01415794063359499,19,,,
,578,35.03533935546875,3.709700107574463,31.328224182128906,0.011568516492843628,-0.014156720601022243,19,,,
,579,,,,,,19,34.223876953125,3.553439140319824,30.672977447509766
0.01,580,,,,,,,,,
,581,42.17036437988281,3.250441074371338,38.92243957519531,0.011642697267234325,-0.014159174636006355,20,,,
,584,36.50859832763672,3.4457805156707764,33.065269470214844,0.011713635176420212,-0.014168776571750641,20,,,
,587,28.564128875732422,3.919217586517334,24.647294998168945,0.01179270725697279,-0.014178112149238586,20,,,
,590,31.551851272583008,4.131303787231445,27.422863006591797,0.011879230849444866,-0.014194780960679054,20,,,
,593,36.36030578613281,3.4779648780822754,32.88460159301758,0.011951691471040249,-0.014214600436389446,20,,,
,596,34.49588394165039,3.503063201904297,30.995038986206055,0.012014689855277538,-0.014231926761567593,20,,,
,599,27.51459503173828,3.8300366401672363,23.68673324584961,0.012077965773642063,-0.014251415617763996,20,,,
,602,33.313961029052734,3.2158384323120117,30.100250244140625,0.012136897072196007,-0.014265856705605984,20,,,
,605,29.583269119262695,3.3830058574676514,26.202360153198242,0.012179487384855747,-0.014276206493377686,20,,,
,608,33.482566833496094,3.3235738277435303,30.161067962646484,0.012210636399686337,-0.014286327175796032,20,,,
,608,,,,,,20,33.944820404052734,3.5504159927368164,30.39647102355957
0.01,609,,,,,,,,,
,611,35.184364318847656,3.352525472640991,31.833898544311523,0.012234264053404331,-0.014295071363449097,21,,,
,614,32.62750244140625,3.219254970550537,29.410287857055664,0.012266715988516808,-0.014307038858532906,21,,,
,617,33.526214599609375,3.1675267219543457,30.360675811767578,0.012330188415944576,-0.014317059889435768,21,,,
,620,36.1717529296875,3.436046600341797,32.73765182495117,0.012380518950521946,-0.01432496216148138,21,,,
,623,36.43930435180664,3.860391139984131,32.58081817626953,0.012433486990630627,-0.014335112646222115,21,,,
,626,28.932619094848633,3.311357259750366,25.623125076293945,0.012473034672439098,-0.014336484484374523,21,,,
,629,28.93986701965332,3.347736358642578,25.593948364257812,0.012522183358669281,-0.014339722692966461,21,,,
,632,33.00886535644531,3.3984947204589844,29.61214828491211,0.012571054510772228,-0.014346051029860973,21,,,
,635,38.564815521240234,4.182448387145996,34.38410949707031,0.012612978927791119,-0.014355274848639965,21,,,
,637,,,,,,21,33.76326370239258,3.513153553009033,30.251829147338867
0.01,638,,,,,,,,,
,638,41.66947555541992,3.4653003215789795,38.205894470214844,0.012648801319301128,-0.014371213503181934,22,,,
,641,31.87179946899414,3.694155693054199,28.179338455200195,0.012691520154476166,-0.014385989867150784,22,,,
,644,31.554710388183594,3.3980493545532227,28.158300399780273,0.012760058045387268,-0.014399630017578602,22,,,
,647,38.382774353027344,3.8603157997131348,34.52404022216797,0.012830589897930622,-0.01441070344299078,22,,,
,650,31.62171173095703,3.6462960243225098,27.976959228515625,0.012885363772511482,-0.014429350383579731,22,,,
,653,21.98102569580078,3.1222057342529297,18.860326766967773,0.01293426938354969,-0.014440354891121387,22,,,
,656,40.57905960083008,3.204793691635132,37.375709533691406,0.013011174276471138,-0.014453485608100891,22,,,
,659,37.310829162597656,3.7230982780456543,33.58913803100586,0.013062442652881145,-0.01446804404258728,22,,,
,662,37.91526412963867,3.497006893157959,34.419639587402344,0.013111746869981289,-0.014490162022411823,22,,,
,665,30.03074836730957,4.250123977661133,25.78199577331543,0.013135901652276516,-0.014508053660392761,22,,,
,666,,,,,,22,33.39987564086914,3.528229236602783,29.873010635375977
0.01,667,,,,,,,,,
,668,29.33907699584961,3.3047609329223633,26.035669326782227,0.01316825021058321,-0.014522800222039223,23,,,
,671,41.20906448364258,3.7880797386169434,37.422325134277344,0.013196087442338467,-0.014533373527228832,23,,,
,674,26.610042572021484,3.563175678253174,23.048192977905273,0.013221303932368755,-0.014547361992299557,23,,,
,677,33.96828842163086,3.559964179992676,30.409639358520508,0.013243620283901691,-0.014560599811375141,23,,,
,680,45.71443557739258,3.749049186706543,41.96669387817383,0.01326298713684082,-0.014572960324585438,23,,,
,683,33.138092041015625,3.040112257003784,30.099266052246094,0.013295765034854412,-0.014580442570149899,23,,,
,686,41.45166015625,3.9978156089782715,37.45508575439453,0.01335021760314703,-0.014592009596526623,23,,,
,689,37.57986831665039,3.4658255577087402,34.11521911621094,0.0134259182959795,-0.014601645059883595,23,,,
,692,35.12538146972656,3.3625340461730957,31.76397705078125,0.013480816967785358,-0.01461050659418106,23,,,
,695,27.44357681274414,3.8192787170410156,23.625391006469727,0.013530062511563301,-0.014623022638261318,23,,,
,695,,,,,,23,33.225345611572266,3.511263608932495,29.71515655517578
0.01,696,,,,,,,,,
,698,22.551212310791016,3.5955560207366943,18.95669174194336,0.013599954545497894,-0.014635480009019375,24,,,
,701,26.812501907348633,3.905125379562378,22.908344268798828,0.01368047297000885,-0.014648857526481152,24,,,
,704,32.414127349853516,3.3754804134368896,29.03954315185547,0.0137627637013793,-0.014659694395959377,24,,,
,707,34.325645446777344,3.5389270782470703,30.787551879882812,0.013835911639034748,-0.014668828807771206,24,,,
,710,30.1182861328125,3.2784764766693115,26.840560913085938,0.01392502523958683,-0.014677474275231361,24,,,
,713,29.928367614746094,3.8335933685302734,26.095455169677734,0.014004225842654705,-0.014684893190860748,24,,,
,716,30.0333251953125,3.254645347595215,26.779306411743164,0.014068664982914925,-0.014693844132125378,24,,,
,719,32.837379455566406,3.7808189392089844,29.05716323852539,0.014097447507083416,-0.014702513813972473,24,,,
,722,33.61774826049805,3.5939741134643555,30.024385452270508,0.014101991429924965,-0.014713010750710964,24,,,
,724,,,,,,24,32.39326858520508,3.523972511291504,28.86992073059082
0.01,725,,,,,,,,,
,725,35.362037658691406,3.2923285961151123,32.070335388183594,0.014102022163569927,-0.014727379195392132,25,,,
,728,35.6753044128418,3.5787086486816406,32.097225189208984,0.014112203381955624,-0.014740655198693275,25,,,
,731,27.469161987304688,3.171743869781494,24.298044204711914,0.01412782073020935,-0.014752562157809734,25,,,
,734,24.768653869628906,3.0109145641326904,21.758344650268555,0.014157230965793133,-0.01476049143821001,25,,,
,737,39.53498077392578,3.7527642250061035,35.78278732299805,0.014199094846844673,-0.014769519679248333,25,,,
,740,34.30281448364258,2.8782057762145996,31.425172805786133,0.014233844354748726,-0.014795713126659393,25,,,
,743,29.62130355834961,3.7298355102539062,25.89202880859375,0.01426197774708271,-0.014821990393102169,25,,,
,746,44.19404220581055,3.993082046508789,40.201515197753906,0.014293198473751545,-0.014847946353256702,25,,,
,749,33.9078483581543,3.477367401123047,30.431011199951172,0.01433666329830885,-0.014865431003272533,25,,,
,752,29.879636764526367,3.8916683197021484,25.988466262817383,0.014377941377460957,-0.014875984750688076,25,,,
,753,,,,,,25,32.53080368041992,3.530240535736084,29.001035690307617
0.01,754,,,,,,,,,
,755,27.281084060668945,2.8062539100646973,24.475297927856445,0.014419491402804852,-0.0148867042735219,26,,,
,758,26.094852447509766,3.283496379852295,22.811800003051758,0.014454411342740059,-0.014898434281349182,26,,,
,761,30.88902473449707,3.1564857959747314,27.73294448852539,0.014501872472465038,-0.0149075360968709,26,,,
,764,33.29969787597656,2.7887277603149414,30.51133155822754,0.014554795809090137,-0.014916742220520973,26,,,
,767,29.287778854370117,2.747779369354248,26.540327072143555,0.014595377258956432,-0.014923715963959694,26,,,
,770,32.93781280517578,3.9251327514648438,29.012975692749023,0.01463346928358078,-0.014932267367839813,26,,,
,773,36.97911834716797,3.4502780437469482,33.52910614013672,0.014682024717330933,-0.014949782751500607,26,,,
,776,30.6906681060791,3.4411745071411133,27.249740600585938,0.01472400315105915,-0.014970465563237667,26,,,
,779,38.28617477416992,3.3696985244750977,34.91669464111328,0.014772528782486916,-0.014993582852184772,26,,,
,782,40.122074127197266,2.978828191757202,37.14344024658203,0.014821077696979046,-0.015013082884252071,26,,,
,782,,,,,,26,32.64838790893555,3.517484664916992,29.131086349487305
0.01,783,,,,,,,,,
,785,32.77618408203125,3.2901711463928223,29.48618507385254,0.01485880371183157,-0.015028766356408596,27,,,
,788,34.219966888427734,3.3378021717071533,30.882305145263672,0.014904404990375042,-0.015046412125229836,27,,,
,791,25.562238693237305,3.329780101776123,22.23256492614746,0.014960728585720062,-0.015067164786159992,27,,,
,794,33.52505874633789,3.243079662322998,30.28205680847168,0.015008904039859772,-0.015082177706062794,27,,,
,797,32.96467208862305,3.7167229652404785,29.248004913330078,0.0150378393009305,-0.015093077905476093,27,,,
,800,33.874778747558594,3.3646488189697266,30.51016616821289,0.01506574172526598,-0.015101772733032703,27,,,
,803,35.142757415771484,3.6666159629821777,31.47616958618164,0.01508369017392397,-0.015108122490346432,27,,,
,806,29.821115493774414,3.2470765113830566,26.57404327392578,0.015110455453395844,-0.015114246867597103,27,,,
,809,32.537803649902344,3.3066370487213135,29.23114585876465,0.015141718089580536,-0.015122346580028534,27,,,
,811,,,,,,27,32.97935485839844,3.500552177429199,29.4787540435791
0.01,812,,,,,,,,,
,812,33.673919677734375,2.8669238090515137,30.806949615478516,0.015178225003182888,-0.015133805572986603,28,,,
,815,42.882266998291016,3.3119516372680664,39.57025909423828,0.015203172340989113,-0.01514332927763462,28,,,
,818,33.10893249511719,2.7503182888031006,30.358522415161133,0.015248879790306091,-0.015155434608459473,28,,,
,821,26.270761489868164,3.326524496078491,22.94409942626953,0.015302466228604317,-0.015165114775300026,28,,,
,824,28.752307891845703,3.8970460891723633,24.855079650878906,0.01535721030086279,-0.01517452485859394,28,,,
,827,31.36053466796875,3.6936941146850586,27.666627883911133,0.015405421145260334,-0.015192820690572262,28,,,
,830,32.9489860534668,3.2450661659240723,29.703697204589844,0.015437135472893715,-0.015215900726616383,28,,,
,833,33.03032684326172,3.5855038166046143,29.444622039794922,0.015451187267899513,-0.015246912837028503,28,,,
,836,28.39931869506836,4.11135721206665,24.287752151489258,0.015476519241929054,-0.01526575442403555,28,,,
,839,28.520246505737305,3.275928258895874,25.244081497192383,0.015515794046223164,-0.015279925428330898,28,,,
,840,,,,,,28,32.29207229614258,3.521831512451172,28.76998519897461
0.01,841,,,,,,,,,
,842,29.075754165649414,3.810253381729126,25.265239715576172,0.015561031177639961,-0.015297974459826946,29,,,
,845,30.461788177490234,3.334901809692383,27.126588821411133,0.015619592741131783,-0.015321147628128529,29,,,
,848,35.57568359375,3.369617462158203,32.205726623535156,0.01567968539893627,-0.015340017154812813,29,,,
,851,33.405696868896484,3.473618507385254,29.93169403076172,0.01573224551975727,-0.01534661091864109,29,,,
,854,30.931337356567383,3.2048089504241943,27.72610092163086,0.015777623280882835,-0.015349896624684334,29,,,
,857,42.605403900146484,3.6087355613708496,38.99620056152344,0.015834864228963852,-0.015365823172032833,29,,,
,860,36.886024475097656,3.6999523639678955,33.185585021972656,0.01586810313165188,-0.015382446348667145,29,,,
,863,25.36382293701172,3.9974470138549805,21.36586570739746,0.0159038994461298,-0.015391731634736061,29,,,
,866,29.92397689819336,3.611562728881836,26.311853408813477,0.015995413064956665,-0.01543505024164915,29,,,
,869,19.93153953552246,3.218142032623291,16.71282196044922,0.01604083739221096,-0.015464252792298794,29,,,
,869,,,,,,29,32.085384368896484,3.522543430328369,28.5622615814209
0.01,870,,,,,,,,,
,872,23.303869247436523,3.4204680919647217,19.882783889770508,0.016105622053146362,-0.015488442964851856,30,,,
,875,28.748327255249023,3.75947904586792,24.98814582824707,0.01621258817613125,-0.015510022640228271,30,,,
,878,28.498884201049805,3.6185789108276367,24.87955093383789,0.01628321222960949,-0.015529312193393707,30,,,
,881,38.057403564453125,3.2966527938842773,34.75995635986328,0.016347775235772133,-0.0155513109639287,30,,,
,884,28.01085662841797,3.5791079998016357,24.430973052978516,0.016329335048794746,-0.015552899800240993,30,,,
,887,32.33559036254883,3.5289249420166016,28.805866241455078,0.016351845115423203,-0.015557321719825268,30,,,
,890,35.4998779296875,2.909911632537842,32.589134216308594,0.01639622263610363,-0.0155636640265584,30,,,
,893,35.77328109741211,3.336024761199951,32.4363899230957,0.016444815322756767,-0.01557953655719757,30,,,
,896,21.693748474121094,3.2033605575561523,18.489503860473633,0.01647081784904003,-0.01558561809360981,30,,,
,898,,,,,,30,32.15206527709961,3.519463062286377,28.631690979003906
0.01,899,,,,,,,,,
,899,35.520931243896484,3.361680030822754,32.15834045410156,0.016500715166330338,-0.015591615810990334,31,,,
,902,34.469242095947266,3.454169511795044,31.01413345336914,0.016543369740247726,-0.015607455745339394,31,,,
,905,30.850345611572266,3.3676278591156006,27.481714248657227,0.016622208058834076,-0.015618542209267616,31,,,
,908,32.538543701171875,3.057065010070801,29.480409622192383,0.016689162701368332,-0.015619977377355099,31,,,
,911,32.02385330200195,2.954780101776123,29.067956924438477,0.016725489869713783,-0.015606030821800232,31,,,
,914,23.294343948364258,2.922832489013672,20.370361328125,0.016754111275076866,-0.015603551641106606,31,,,
,917,39.65452194213867,3.4353442192077637,36.217994689941406,0.01678950898349285,-0.0156050194054842,31,,,
,920,34.802642822265625,3.927823781967163,30.873611450195312,0.016820786520838737,-0.015608717687427998,31,,,
,923,31.786609649658203,3.4658663272857666,28.319522857666016,0.01683460734784603,-0.015612877905368805,31,,,
,926,25.432788848876953,3.1714353561401367,22.26011085510254,0.016854269430041313,-0.015610246919095516,31,,,
,927,,,,,,31,32.18720626831055,3.5146687030792236,28.671268463134766
0.01,928,,,,,,,,,
,929,45.48924255371094,3.7041261196136475,41.783843994140625,0.016886230558156967,-0.015612064860761166,32,,,
,932,35.59249496459961,3.6698050498962402,31.9213809967041,0.016944359987974167,-0.015636229887604713,32,,,
,935,28.88412857055664,3.2317652702331543,25.651031494140625,0.016985975205898285,-0.01565508358180523,32,,,
,938,35.172794342041016,3.5208239555358887,31.650617599487305,0.017025288194417953,-0.015672339126467705,32,,,
,941,19.316743850708008,3.4002177715301514,15.915165901184082,0.017051881179213524,-0.01569175533950329,32,,,
,944,31.8394775390625,3.6677656173706055,28.170310974121094,0.017107883468270302,-0.015706434845924377,32,,,
,947,45.958740234375,3.9840879440307617,41.973209381103516,0.01716715842485428,-0.01572353020310402,32,,,
,950,30.9530086517334,3.4198217391967773,27.531719207763672,0.017199214547872543,-0.015732286497950554,32,,,
,953,32.43327331542969,3.9860644340515137,28.445714950561523,0.017223404720425606,-0.01572989858686924,32,,,
,956,32.79388427734375,4.267763614654541,28.52460479736328,0.017244553193449974,-0.01573260687291622,32,,,
,956,,,,,,32,31.86907196044922,3.534583568572998,28.33297348022461
0.01,957,,,,,,,,,
,959,30.187828063964844,4.604536533355713,25.581768035888672,0.017258765175938606,-0.01573585532605648,33,,,
,962,47.12005615234375,3.699284553527832,43.419246673583984,0.01727290078997612,-0.01574665494263172,33,,,
,965,40.05680847167969,3.3149290084838867,36.74034118652344,0.017290692776441574,-0.015754999592900276,33,,,
,968,37.31756591796875,3.313237190246582,34.00277328491211,0.017326217144727707,-0.015769345685839653,33,,,
,971,28.668642044067383,3.8243322372436523,24.842735290527344,0.01733929105103016,-0.015766335651278496,33,,,
,974,41.02475357055664,3.736527442932129,37.28662109375,0.017360730096697807,-0.01575431600213051,33,,,
,977,26.40450668334961,3.6128594875335693,22.790002822875977,0.017391307279467583,-0.015746768563985825,33,,,
,980,29.325931549072266,3.846856117248535,25.47737693786621,0.017446205019950867,-0.015749868005514145,33,,,
,983,27.053369522094727,3.484205484390259,23.567424774169922,0.017492307350039482,-0.015752611681818962,33,,,
,985,,,,,,33,31.995525360107422,3.5043184757232666,28.48942756652832
0.01,986,,,,,,,,,
,986,29.44557762145996,3.327770233154297,26.116025924682617,0.017535392194986343,-0.015754258260130882,34,,,
,989,26.54104232788086,4.034228324890137,22.505008697509766,0.017566047608852386,-0.015762466937303543,34,,,
,992,24.966856002807617,3.261030912399292,21.70400047302246,0.017592307180166245,-0.015766093507409096,34,,,
,995,33.940269470214844,3.4305524826049805,30.507835388183594,0.017649788409471512,-0.01577160507440567,34,,,
,998,34.956783294677734,3.592860698699951,31.361997604370117,0.017706064507365227,-0.015779731795191765,34,,,
,1001,32.79385757446289,3.936526298522949,28.855365753173828,0.017765630036592484,-0.015800371766090393,34,,,
,1004,31.301015853881836,3.2653822898864746,28.033594131469727,0.017868591472506523,-0.01582828164100647,34,,,
,1007,28.69283103942871,3.403386354446411,25.287353515625,0.017942415550351143,-0.01585114188492298,34,,,
,1010,25.305103302001953,3.7356956005096436,21.567285537719727,0.01799388788640499,-0.015870315954089165,34,,,
,1013,33.79781723022461,3.563542604446411,30.232133865356445,0.018016818910837173,-0.01587786339223385,34,,,
,1014,,,,,,34,31.96569061279297,3.5307419300079346,28.432802200317383
0.01,1015,,,,,,,,,
,1016,24.856088638305664,3.3353636264801025,21.51856803894043,0.018032491207122803,-0.015875281766057014,35,,,
,1019,39.73728561401367,3.3428597450256348,36.39225769042969,0.018044961616396904,-0.0158759243786335,35,,,
,1022,32.64278793334961,3.4783756732940674,29.16223907470703,0.01805976592004299,-0.015885958448052406,35,,,
,1025,33.73429489135742,3.3741846084594727,30.357927322387695,0.01807446964085102,-0.015893040224909782,35,,,
,1028,32.35528564453125,3.439084529876709,28.914011001586914,0.018083639442920685,-0.01589658111333847,35,,,
,1031,25.844539642333984,2.773574113845825,23.068754196166992,0.01811615377664566,-0.015906184911727905,35,,,
,1034,25.12413215637207,3.6253159046173096,21.496545791625977,0.018191151320934296,-0.015921322628855705,35,,,
,1037,33.28921890258789,3.5118889808654785,29.775014877319336,0.018246782943606377,-0.015929343178868294,35,,,
,1040,18.418659210205078,3.4637084007263184,14.952598571777344,0.01828633062541485,-0.015934767201542854,35,,,
,1043,20.569393157958984,3.275573492050171,17.291431427001953,0.01832438074052334,-0.015935612842440605,35,,,
,1043,,,,,,35,31.994312286376953,3.507570743560791,28.484344482421875
0.01,1044,,,,,,,,,
,1046,36.76137924194336,3.6472320556640625,33.111732482910156,0.018359528854489326,-0.015946073457598686,36,,,
,1049,27.694984436035156,3.682837724685669,24.009681701660156,0.01842222549021244,-0.015958884730935097,36,,,
,1052,32.19733428955078,3.6963584423065186,28.498458862304688,0.01848856918513775,-0.015970390290021896,36,,,
,1055,35.548362731933594,3.6741538047790527,31.87162208557129,0.018569977954030037,-0.015983643010258675,36,,,
,1058,31.04197120666504,2.815364360809326,28.223987579345703,0.01860855706036091,-0.015988852828741074,36,,,
,1061,40.28676986694336,3.514470338821411,36.76966094970703,0.01863197050988674,-0.015989942476153374,36,,,
,1064,34.3603515625,4.431760311126709,29.9259090423584,0.018667977303266525,-0.01598852127790451,36,,,
,1067,20.139978408813477,3.1305339336395264,17.00674057006836,0.018693819642066956,-0.015989087522029877,36,,,
,1070,38.20404815673828,3.7283365726470947,34.47298049926758,0.01872200518846512,-0.015989508479833603,36,,,
,1072,,,,,,36,31.602020263671875,3.5161216259002686,28.083147048950195
0.01,1073,,,,,,,,,
,1073,25.399362564086914,3.9117655754089355,21.484846115112305,0.018743343651294708,-0.015992531552910805,37,,,
,1076,26.300058364868164,3.4808995723724365,22.816394805908203,0.018760543316602707,-0.015997327864170074,37,,,
,1079,29.094572067260742,3.374615430831909,25.717174530029297,0.01878579892218113,-0.016002347692847252,37,,,
,1082,34.57905960083008,2.8752150535583496,31.701045989990234,0.0187895018607378,-0.015991264954209328,37,,,
,1085,27.85405158996582,3.7562882900238037,24.094959259033203,0.018788233399391174,-0.015983859077095985,37,,,
,1088,34.993934631347656,3.703951597213745,31.28715705871582,0.018806247040629387,-0.015979383140802383,37,,,
,1091,28.1876163482666,3.2623860836029053,24.922372817993164,0.01883484050631523,-0.015977809205651283,37,,,
,1094,33.97924041748047,2.9570207595825195,31.019323348999023,0.0188799649477005,-0.015982000157237053,37,,,
,1097,36.58698654174805,3.5248568058013916,33.0591926574707,0.018923189491033554,-0.015985695645213127,37,,,
,1100,24.647457122802734,3.0680694580078125,21.57640838623047,0.018972357735037804,-0.0159932728856802,37,,,
,1101,,,,,,37,31.9097957611084,3.5178704261779785,28.38890266418457
0.01,1102,,,,,,,,,
,1103,31.583803176879883,3.013643503189087,28.567123413085938,0.019038110971450806,-0.015999825671315193,38,,,
,1106,36.42041015625,3.200810432434082,33.216522216796875,0.019075505435466766,-0.01599840261042118,38,,,
,1109,32.57273864746094,3.50700306892395,29.06263542175293,0.019095323979854584,-0.015995480120182037,38,,,
,1112,39.75393295288086,3.826235771179199,35.92457580566406,0.019120601937174797,-0.015998156741261482,38,,,
,1115,42.89434814453125,3.2503018379211426,39.64089584350586,0.019157497212290764,-0.01600736565887928,38,,,
,1118,37.51195526123047,2.92754864692688,34.58124923706055,0.01917116902768612,-0.016015639528632164,38,,,
,1121,20.84573745727539,3.3417060375213623,17.50084114074707,0.019216006621718407,-0.016026489436626434,38,,,
,1124,30.4273681640625,3.277250051498413,27.146873474121094,0.019281750544905663,-0.016037197783589363,38,,,
,1127,32.99142837524414,3.3877243995666504,29.600406646728516,0.019341785460710526,-0.016043424606323242,38,,,
,1130,28.086074829101562,3.1989481449127197,24.8837833404541,0.019396061077713966,-0.01605258509516716,38,,,
,1130,,,,,,38,31.83344268798828,3.4996650218963623,28.33042335510254
0.01,1131,,,,,,,,,
,1133,34.07158660888672,3.532930374145508,30.535274505615234,0.01944417506456375,-0.016062632203102112,39,,,
,1136,36.722408294677734,4.238715171813965,32.48027420043945,0.019487645477056503,-0.016071278601884842,39,,,
,1139,48.900962829589844,3.7361037731170654,45.16143035888672,0.01950688846409321,-0.016077423468232155,39,,,
,1142,28.14497947692871,3.1986260414123535,24.94290542602539,0.019539473578333855,-0.016090152785182,39,,,
,1145,37.434207916259766,4.096019744873047,33.33473205566406,0.019558224827051163,-0.016100244596600533,39,,,
,1148,35.55373001098633,3.5213623046875,32.028900146484375,0.0195787250995636,-0.01610967144370079,39,,,
,1151,37.238067626953125,3.363565444946289,33.87103271484375,0.019587965682148933,-0.016115732491016388,39,,,
,1154,37.601531982421875,3.43453049659729,34.163516998291016,0.019605299457907677,-0.016120580956339836,39,,,
,1157,23.51043701171875,3.975304126739502,19.531631469726562,0.019627338275313377,-0.016125431284308434,39,,,
,1159,,,,,,39,31.57160186767578,3.507638931274414,28.060428619384766
0.01,1160,,,,,,,,,
,1160,35.67414093017578,3.612362861633301,32.05824661254883,0.019662749022245407,-0.016128359362483025,40,,,
,1163,31.83580780029297,3.4702539443969727,28.36199378967285,0.01967821829020977,-0.016118774190545082,40,,,
,1166,21.30506134033203,4.226590156555176,17.07489013671875,0.0196942538022995,-0.01611148938536644,40,,,
,1169,33.95220184326172,3.544070243835449,30.404516220092773,0.019727008417248726,-0.01610909216105938,40,,,
,1172,37.398887634277344,3.110222339630127,34.28499221801758,0.019787756726145744,-0.01611275225877762,40,,,
,1175,26.966703414916992,3.533097743988037,23.429880142211914,0.019840113818645477,-0.016115354374051094,40,,,
,1178,30.3037109375,3.735971689224243,26.563961029052734,0.01989399641752243,-0.016115454956889153,40,,,
,1181,44.983734130859375,3.433492660522461,41.546409606933594,0.019950872287154198,-0.016121020540595055,40,,,
,1184,32.50682830810547,3.1073293685913086,29.395633697509766,0.019989922642707825,-0.016126006841659546,40,,,
,1187,28.606958389282227,3.476663112640381,25.12640953063965,0.020016007125377655,-0.016130613163113594,40,,,
,1188,,,,,,40,31.860666275024414,3.50504207611084,28.351720809936523
0.001,1189,,,,,,,,,
,1190,19.91533660888672,2.922377109527588,16.989057540893555,0.020033065229654312,-0.01613110676407814,41,,,
,1193,24.827951431274414,3.141474962234497,21.682571411132812,0.02003484033048153,-0.01613038033246994,41,,,
,1196,24.087200164794922,3.154130458831787,20.929162979125977,0.02003597840666771,-0.016129713505506516,41,,,
,1199,21.872915267944336,3.846390724182129,18.02261734008789,0.020037274807691574,-0.016129110008478165,41,,,
,1202,36.96694564819336,3.6369926929473877,33.32604217529297,0.02003875933587551,-0.01612858660519123,41,,,
,1205,30.729135513305664,3.475609302520752,27.24961280822754,0.02004174329340458,-0.016128694638609886,41,,,
,1208,21.227792739868164,3.4931910037994385,17.730682373046875,0.02004748210310936,-0.016128983348608017,41,,,
,1211,28.59077262878418,3.6004319190979004,24.98641586303711,0.020053349435329437,-0.016129253432154655,41,,,
,1214,20.11930274963379,3.2828221321105957,16.832551956176758,0.02005876414477825,-0.016129545867443085,41,,,
,1217,40.3006477355957,3.503260850906372,36.793453216552734,0.02006276696920395,-0.016129808500409126,41,,,
,1217,,,,,,41,31.835796356201172,3.5044662952423096,28.327394485473633
0.001,1218,,,,,,,,,
,1220,39.639801025390625,3.8772189617156982,35.758644104003906,0.02006458304822445,-0.01612950675189495,42,,,
,1223,29.952312469482422,3.759263038635254,26.18911361694336,0.020066479220986366,-0.016129912808537483,42,,,
,1226,33.5325927734375,3.059222459793091,30.46942901611328,0.020067965611815453,-0.016130151227116585,42,,,
,1229,35.96102523803711,4.028006553649902,31.929079055786133,0.020068660378456116,-0.016130240634083748,42,,,
,1232,27.324220657348633,3.6525192260742188,23.667760848999023,0.020070143043994904,-0.01613018848001957,42,,,
,1235,34.075706481933594,3.2426648139953613,30.8290958404541,0.020072782412171364,-0.016129760071635246,42,,,
,1238,30.302881240844727,4.03192138671875,26.267013549804688,0.020074788480997086,-0.016129115596413612,42,,,
,1241,30.970312118530273,3.810513973236084,27.155845642089844,0.0200814176350832,-0.01612931303679943,42,,,
,1244,25.688587188720703,3.4852852821350098,22.199344635009766,0.020086584612727165,-0.01612941175699234,42,,,
,1246,,,,,,42,31.84611701965332,3.501817226409912,28.340335845947266
0.001,1247,,,,,,,,,
,1247,33.998558044433594,3.666879177093506,30.327716827392578,0.02009165845811367,-0.016129417344927788,43,,,
,1250,27.055553436279297,3.662837505340576,23.388750076293945,0.02009660378098488,-0.016130072996020317,43,,,
,1253,23.38062286376953,3.0533242225646973,20.323328018188477,0.02010098285973072,-0.016130533069372177,43,,,
,1256,32.337886810302734,2.8402717113494873,29.49363899230957,0.02010621689260006,-0.016131039708852768,43,,,
,1259,40.45689392089844,3.6474363803863525,36.805477142333984,0.02011134661734104,-0.016131864860653877,43,,,
,1262,28.27299690246582,3.4226927757263184,24.84632110595703,0.020115628838539124,-0.016132764518260956,43,,,
,1265,30.932518005371094,3.221959352493286,27.70656967163086,0.02012014389038086,-0.016133291646838188,43,,,
,1268,31.428667068481445,3.575298309326172,27.84937858581543,0.020124316215515137,-0.016133319586515427,43,,,
,1271,30.39438819885254,3.6057915687561035,26.78459930419922,0.020129632204771042,-0.016133282333612442,43,,,
,1274,30.450143814086914,3.8701729774475098,26.575969696044922,0.020134298130869865,-0.016132941469550133,43,,,
,1275,,,,,,43,31.81764793395996,3.500058889389038,28.313583374023438
0.001,1276,,,,,,,,,
,1277,43.01735305786133,3.4153566360473633,39.597991943359375,0.020137248560786247,-0.01613202504813671,44,,,
,1280,37.91383743286133,3.326598644256592,34.583229064941406,0.020139876753091812,-0.01613188348710537,44,,,
,1283,29.010669708251953,3.977147102355957,25.029512405395508,0.020141180604696274,-0.016131816431879997,44,,,
,1286,28.1181697845459,3.611337184906006,24.502819061279297,0.02014489471912384,-0.016131965443491936,44,,,
,1289,31.927379608154297,4.315268039703369,27.60809326171875,0.020150434225797653,-0.01613215170800686,44,,,
,1292,26.392501831054688,2.549232006072998,23.839244842529297,0.020156463608145714,-0.01613173447549343,44,,,
,1295,27.542713165283203,3.45112943649292,24.08755111694336,0.020162831991910934,-0.016131283715367317,44,,,
,1298,36.77860641479492,3.422664165496826,33.351905822753906,0.020168686285614967,-0.01613067276775837,44,,,
,1301,30.06024932861328,3.7008233070373535,26.355384826660156,0.020171523094177246,-0.01613025553524494,44,,,
,1304,33.252281188964844,2.938373327255249,30.309864044189453,0.020173538476228714,-0.016130274161696434,44,,,
,1304,,,,,,44,31.81330680847168,3.499692440032959,28.3095703125
0.0001,1305,,,,,,,,,
,1307,26.900127410888672,3.582949638366699,23.313135147094727,0.020174458622932434,-0.016130290925502777,45,,,
,1310,33.87308883666992,3.539766311645508,30.329275131225586,0.02017459087073803,-0.01613025739789009,45,,,
,1313,24.685062408447266,3.397871494293213,21.28314781188965,0.02017475850880146,-0.01613023690879345,45,,,
,1316,40.47908020019531,2.6261558532714844,37.848876953125,0.020175045356154442,-0.016130222007632256,45,,,
,1319,40.00223159790039,3.4011659622192383,36.59701919555664,0.020175496116280556,-0.016130231320858,45,,,
,1322,33.6683464050293,3.4330005645751953,30.231300354003906,0.020175915211439133,-0.01613028161227703,45,,,
,1325,23.059186935424805,2.582245349884033,20.472896575927734,0.02017621323466301,-0.016130320727825165,45,,,
,1328,28.347658157348633,4.204122543334961,24.139490127563477,0.020176688209176064,-0.016130341216921806,45,,,
,1331,38.57258987426758,3.919053077697754,34.64949035644531,0.020177265629172325,-0.0161303523927927,45,,,
,1333,,,,,,45,31.81389808654785,3.4996840953826904,28.310169219970703
0.0001,1334,,,,,,,,,
,1334,30.886232376098633,3.4576468467712402,27.424537658691406,0.020177669823169708,-0.01613040827214718,46,,,
,1337,31.64870834350586,3.6641201972961426,27.980541229248047,0.020177973434329033,-0.016130385920405388,46,,,
,1340,27.184293746948242,3.001161575317383,24.17908477783203,0.02017827518284321,-0.016130365431308746,46,,,
,1343,26.05575180053711,2.7333059310913086,23.318397521972656,0.020178554579615593,-0.01613035798072815,46,,,
,1346,33.227718353271484,3.352649450302124,29.871017456054688,0.020178774371743202,-0.016130346804857254,46,,,
,1349,39.47632598876953,3.420977830886841,36.05129623413086,0.02017892897129059,-0.016130398958921432,46,,,
,1352,42.51926040649414,3.3964362144470215,39.1187744140625,0.020178917795419693,-0.016130423173308372,46,,,
,1355,23.42863655090332,3.3273355960845947,20.097251892089844,0.020178889855742455,-0.016130393370985985,46,,,
,1358,23.337194442749023,3.537832498550415,19.795312881469727,0.02017896994948387,-0.016130389645695686,46,,,
,1361,27.115840911865234,3.1609323024749756,23.95085906982422,0.02017919532954693,-0.016130423173308372,46,,,
,1362,,,,,,46,31.81391143798828,3.4995148181915283,28.310344696044922
0.0001,1363,,,,,,,,,
,1364,22.16398811340332,3.0646133422851562,19.095325469970703,0.020180070772767067,-0.016130467876791954,47,,,
,1367,33.859649658203125,3.6031301021575928,30.252471923828125,0.02018086053431034,-0.016130512580275536,47,,,
,1370,20.996896743774414,3.2861766815185547,17.706668853759766,0.02018146589398384,-0.01613057218492031,47,,,
,1373,29.61492156982422,3.669569969177246,25.941299438476562,0.020182279869914055,-0.01613062061369419,47,,,
,1376,26.28011131286621,3.463320732116699,22.81273651123047,0.02018309198319912,-0.016130678355693817,47,,,
,1379,37.35003662109375,3.4963083267211914,33.84967803955078,0.020183665677905083,-0.016130713745951653,47,,,
,1382,34.307960510253906,3.132537841796875,31.171369552612305,0.020184090360999107,-0.016130736097693443,47,,,
,1385,28.007909774780273,3.3886935710906982,24.615163803100586,0.020184477791190147,-0.01613074168562889,47,,,
,1388,37.75899887084961,3.5586843490600586,34.19626235961914,0.020184850320219994,-0.016130758449435234,47,,,
,1391,39.87322998046875,3.707385301589966,36.16179275512695,0.020185105502605438,-0.016130749136209488,47,,,
,1391,,,,,,47,31.81382942199707,3.4995272159576416,28.31024742126465
0.0001,1392,,,,,,,,,
,1394,25.965478897094727,3.514747381210327,22.44667625427246,0.02018536627292633,-0.01613072119653225,48,,,
,1397,22.98346710205078,3.538813591003418,19.440597534179688,0.020185621455311775,-0.016130734235048294,48,,,
,1400,30.660823822021484,4.012215614318848,26.64455223083496,0.020185910165309906,-0.016130750998854637,48,,,
,1403,32.21800231933594,3.9301536083221436,28.28379249572754,0.020186325535178185,-0.016130825504660606,48,,,
,1406,32.22367477416992,3.3180112838745117,28.901607513427734,0.02018679678440094,-0.016130918636918068,48,,,
,1409,34.860008239746094,3.238377571105957,31.617576599121094,0.02018718793988228,-0.016130948439240456,48,,,
,1412,25.2502498626709,3.5731778144836426,21.673015594482422,0.020187679678201675,-0.01613091491162777,48,,,
,1415,34.52192306518555,3.6180477142333984,30.899822235107422,0.0201882291585207,-0.01613089255988598,48,,,
,1418,25.6430721282959,3.672926187515259,21.966087341308594,0.020188670605421066,-0.016130885109305382,48,,,
,1420,,,,,,48,31.81281852722168,3.499469757080078,28.30929183959961
1e-05,1421,,,,,,,,,
,1421,29.81159210205078,4.201759338378906,25.60577392578125,0.0201889518648386,-0.016130883246660233,49,,,
,1424,21.808881759643555,4.156217575073242,17.648605346679688,0.020188983529806137,-0.016130879521369934,49,,,
,1427,27.633739471435547,3.717515707015991,23.91216468811035,0.020189035683870316,-0.016130877658724785,49,,,
,1430,27.188426971435547,3.3353190422058105,23.849048614501953,0.020189082249999046,-0.016130870208144188,49,,,
,1433,30.65920066833496,3.458819627761841,27.196321487426758,0.02018912322819233,-0.01613086648285389,49,,,
,1436,30.086261749267578,3.0436453819274902,27.038557052612305,0.02018916606903076,-0.01613086275756359,49,,,
,1439,34.10424041748047,3.72025990486145,30.379926681518555,0.020189188420772552,-0.016130860894918442,49,,,
,1442,34.275352478027344,3.8382444381713867,30.43305206298828,0.02018921636044979,-0.016130860894918442,49,,,
,1445,21.935821533203125,3.2293262481689453,18.702436447143555,0.02018924243748188,-0.01613086648285389,49,,,
,1448,37.1000862121582,3.4170539379119873,33.67897415161133,0.02018928900361061,-0.016130873933434486,49,,,
,1449,,,,,,49,31.81290626525879,3.499464273452759,28.30938148498535
